StudentID,IAT1,IAT2,Model_Mark,Prev_Year_Label,Label
S030001,28,61,35,NIL,Poor
S030002,66,58,49,Average,Average
S030003,21,88,99,Poor,Good
S030004,34,29,82,Poor,Poor
S030005,69,34,40,Average,Average
S030006,43,98,45,NIL,Average
S030007,21,44,40,Poor,Average
S030008,90,52,57,Poor,Poor
S030009,20,60,80,Poor,Average
S030010,29,65,33,NIL,Average
S030011,73,97,98,Average,Average
S030012,69,35,81,Poor,Poor
S030013,93,46,100,Average,Average
S030014,21,85,26,Poor,Poor
S030015,71,81,78,Average,Good
S030016,43,34,81,NIL,Good
S030017,33,43,57,Poor,Poor
S030018,79,29,52,Poor,Poor
S030019,96,78,33,Average,Average
S030020,23,36,74,Good,Average
S030021,61,91,58,Average,Poor
S030022,66,55,86,Good,Good
S030023,76,90,86,Poor,Good
S030024,60,41,59,Poor,Average
S030025,64,67,53,NIL,Average
S030026,45,64,88,NIL,Average
S030027,49,81,54,Average,Average
S030028,56,67,21,NIL,Poor
S030029,37,98,42,Poor,Poor
S030030,73,84,45,NIL,Poor
S030031,55,68,87,Poor,Average
S030032,54,49,45,Average,Good
S030033,29,88,22,Good,Good
S030034,45,34,35,NIL,Good
S030035,32,56,39,Poor,Average
S030036,72,25,61,Poor,Average
S030037,58,26,45,Average,Good
S030038,39,35,26,NIL,Poor
S030039,24,92,23,Good,Average
S030040,80,83,37,Average,Average
S030041,28,45,68,Good,Good
S030042,100,84,86,NIL,Good
S030043,60,80,86,Good,Good
S030044,58,36,33,NIL,Good
S030045,72,41,50,Average,Poor
S030046,69,32,48,Good,Good
S030047,73,82,71,Average,Good
S030048,76,35,40,Average,Average
S030049,97,58,71,Poor,Poor
S030050,21,41,24,Good,Good
S030051,53,96,82,Good,Good
S030052,30,94,89,Good,Good
S030053,26,62,37,Good,Poor
S030054,25,71,22,Average,Poor
S030055,20,82,89,Poor,Poor
S030056,23,94,20,Poor,Average
S030057,59,33,77,Poor,Poor
S030058,74,34,83,Average,Poor
S030059,69,68,79,Poor,Good
S030060,32,87,83,Average,Average
S030061,67,45,76,Good,Poor
S030062,97,41,45,Average,Good
S030063,42,80,95,NIL,Poor
S030064,79,35,65,Poor,Average
S030065,55,43,87,Average,Good
S030066,47,65,43,Poor,Poor
S030067,32,67,70,Poor,Good
S030068,34,70,47,NIL,Good
S030069,26,60,26,Poor,Good
S030070,36,85,58,Average,Good
S030071,26,57,24,Good,Good
S030072,74,28,25,Average,Poor
S030073,62,73,25,Good,Average
S030074,75,31,26,NIL,Average
S030075,60,81,60,Average,Poor
S030076,50,37,22,Average,Average
S030077,77,44,33,NIL,Poor
S030078,30,88,59,Good,Poor
S030079,72,71,29,Good,Poor
S030080,81,72,64,NIL,Poor
S030081,44,86,94,Average,Average
S030082,80,90,42,NIL,Average
S030083,83,76,88,Good,Average
S030084,58,98,55,Poor,Average
S030085,60,78,98,NIL,Good
S030086,45,95,59,Average,Good
S030087,81,88,54,NIL,Good
S030088,20,22,85,Good,Average
S030089,44,73,57,Good,Average
S030090,74,97,26,NIL,Poor
S030091,91,28,50,Poor,Good
S030092,35,27,64,Average,Good
S030093,90,92,37,Poor,Average
S030094,43,87,41,Poor,Good
S030095,66,95,69,Good,Average
S030096,71,97,73,NIL,Poor
S030097,56,92,59,Good,Poor
S030098,39,100,37,Poor,Good
S030099,56,22,21,Average,Average
S030100,61,52,21,Average,Good
S030101,47,51,100,Good,Average
S030102,73,90,63,Average,Average
S030103,79,90,54,Poor,Good
S030104,95,38,92,Good,Poor
S030105,45,43,33,Good,Poor
S030106,79,37,85,Poor,Average
S030107,61,74,30,Good,Good
S030108,56,50,22,Good,Good
S030109,53,80,59,NIL,Average
S030110,89,84,91,Poor,Poor
S030111,63,60,29,Good,Good
S030112,42,62,21,Poor,Poor
S030113,24,75,36,Average,Poor
S030114,73,24,38,Good,Average
S030115,68,98,62,Poor,Average
S030116,87,28,49,Good,Average
S030117,89,59,94,Good,Good
S030118,93,50,55,Poor,Good
S030119,52,100,28,Average,Good
S030120,69,31,99,NIL,Good
S030121,38,92,85,NIL,Good
S030122,56,48,71,Poor,Average
S030123,57,68,62,Average,Good
S030124,25,34,85,Average,Average
S030125,23,55,42,Average,Good
S030126,100,48,86,Good,Good
S030127,49,58,88,Average,Poor
S030128,100,46,70,Good,Average
S030129,79,79,23,Average,Good
S030130,75,51,24,NIL,Average
S030131,82,45,51,Average,Poor
S030132,89,90,100,NIL,Poor
S030133,51,87,94,NIL,Good
S030134,97,66,76,NIL,Average
S030135,74,23,72,Poor,Average
S030136,36,90,27,Good,Average
S030137,24,91,83,Good,Poor
S030138,70,90,59,Poor,Poor
S030139,79,43,78,NIL,Average
S030140,60,50,38,Good,Good
S030141,46,38,42,Poor,Average
S030142,99,90,23,NIL,Poor
S030143,95,79,98,Poor,Average
S030144,76,87,29,NIL,Average
S030145,76,43,32,Average,Average
S030146,36,41,26,NIL,Poor
S030147,66,36,63,Good,Poor
S030148,90,50,52,Poor,Poor
S030149,51,61,70,Good,Poor
S030150,43,64,94,Good,Poor
S030151,23,99,27,Average,Good
S030152,64,63,88,Good,Good
S030153,98,30,27,Poor,Poor
S030154,97,26,75,Poor,Average
S030155,96,99,84,Poor,Poor
S030156,47,42,80,Average,Good
S030157,32,56,92,Poor,Good
S030158,61,20,34,Average,Poor
S030159,25,98,42,Average,Poor
S030160,56,39,55,Poor,Poor
S030161,64,71,81,Average,Good
S030162,85,81,98,Average,Poor
S030163,88,42,46,Poor,Good
S030164,92,20,90,Good,Poor
S030165,37,78,26,NIL,Average
S030166,99,99,33,NIL,Good
S030167,85,91,28,NIL,Poor
S030168,43,48,93,Poor,Average
S030169,26,66,49,Good,Poor
S030170,76,23,61,Average,Good
S030171,41,65,33,Poor,Poor
S030172,34,43,23,Good,Poor
S030173,82,88,37,NIL,Average
S030174,24,54,42,NIL,Good
S030175,76,74,50,NIL,Good
S030176,86,73,26,Poor,Average
S030177,48,43,86,Average,Average
S030178,59,79,87,Good,Good
S030179,22,79,52,Good,Poor
S030180,51,69,43,Good,Poor
S030181,60,57,45,NIL,Good
S030182,75,44,59,Average,Average
S030183,37,98,25,NIL,Good
S030184,89,68,70,NIL,Good
S030185,43,76,68,Average,Good
S030186,74,50,48,NIL,Average
S030187,48,56,100,NIL,Good
S030188,22,34,35,Average,Average
S030189,98,82,26,NIL,Good
S030190,53,25,48,Good,Good
S030191,20,50,67,Poor,Poor
S030192,49,23,92,NIL,Average
S030193,40,40,86,Poor,Poor
S030194,27,83,99,Good,Average
S030195,75,47,66,NIL,Good
S030196,82,55,88,Poor,Poor
S030197,22,67,60,Poor,Poor
S030198,64,63,22,Good,Poor
S030199,68,31,30,Good,Poor
S030200,35,86,42,Good,Good
S030201,60,35,26,Poor,Poor
S030202,71,55,27,NIL,Poor
S030203,91,94,33,Average,Average
S030204,49,68,81,NIL,Average
S030205,83,46,46,NIL,Poor
S030206,58,51,84,Average,Average
S030207,40,74,41,Average,Average
S030208,34,35,29,Poor,Good
S030209,44,92,95,Poor,Good
S030210,34,28,62,Good,Average
S030211,42,98,92,Poor,Good
S030212,90,58,59,NIL,Average
S030213,49,95,46,Average,Poor
S030214,59,49,63,Poor,Poor
S030215,93,43,87,Poor,Poor
S030216,87,30,36,Average,Average
S030217,46,22,99,Good,Good
S030218,90,25,73,Poor,Good
S030219,21,21,50,Good,Poor
S030220,65,91,31,Poor,Poor
S030221,55,48,75,NIL,Good
S030222,73,80,85,NIL,Good
S030223,53,72,91,Average,Average
S030224,50,76,90,Poor,Average
S030225,99,38,76,Good,Good
S030226,80,36,22,Average,Good
S030227,84,26,85,NIL,Good
S030228,90,33,78,Poor,Average
S030229,41,72,53,Average,Average
S030230,28,97,46,Good,Average
S030231,81,70,45,Average,Average
S030232,64,52,44,Average,Good
S030233,61,59,50,Average,Poor
S030234,79,86,77,Poor,Average
S030235,44,28,37,NIL,Average
S030236,39,96,25,NIL,Good
S030237,60,48,84,Good,Good
S030238,40,27,67,NIL,Poor
S030239,49,55,58,Good,Good
S030240,100,61,59,Poor,Poor
S030241,51,57,90,NIL,Average
S030242,85,84,70,Good,Good
S030243,58,51,53,Poor,Poor
S030244,66,53,85,NIL,Poor
S030245,28,44,75,NIL,Good
S030246,42,54,64,Good,Average
S030247,95,61,61,Average,Good
S030248,31,40,62,Poor,Poor
S030249,29,47,39,NIL,Good
S030250,55,68,29,Poor,Poor
S030251,96,52,98,Average,Good
S030252,66,36,41,Poor,Average
S030253,97,30,83,NIL,Poor
S030254,94,87,90,NIL,Poor
S030255,80,62,63,Good,Average
S030256,37,39,43,Good,Poor
S030257,20,77,22,Average,Good
S030258,43,42,72,NIL,Average
S030259,57,48,63,Average,Average
S030260,20,56,97,Poor,Average
S030261,99,50,97,Poor,Poor
S030262,97,28,72,NIL,Good
S030263,53,46,43,Average,Good
S030264,47,90,84,Good,Good
S030265,49,47,26,Good,Good
S030266,43,70,44,NIL,Average
S030267,80,74,38,Good,Average
S030268,90,78,98,Average,Average
S030269,81,21,40,Average,Poor
S030270,43,84,76,Good,Average
S030271,27,51,94,Average,Poor
S030272,72,90,29,Average,Average
S030273,43,41,62,NIL,Good
S030274,27,57,72,NIL,Average
S030275,79,41,44,Poor,Average
S030276,34,64,91,Good,Poor
S030277,85,31,46,Poor,Average
S030278,38,62,39,Average,Good
S030279,56,77,81,Good,Good
S030280,68,29,39,Poor,Average
S030281,76,63,62,NIL,Poor
S030282,36,49,66,Good,Poor
S030283,20,78,50,Poor,Good
S030284,79,31,56,Good,Average
S030285,59,77,70,Good,Poor
S030286,65,47,38,NIL,Average
S030287,33,75,81,Average,Poor
S030288,40,36,41,NIL,Good
S030289,34,20,44,Good,Average
S030290,66,70,54,Average,Good
S030291,20,28,65,Average,Good
S030292,21,65,38,Good,Poor
S030293,20,62,61,NIL,Poor
S030294,49,96,41,NIL,Poor
S030295,45,55,55,Poor,Poor
S030296,33,73,49,Average,Poor
S030297,34,32,29,NIL,Average
S030298,100,72,84,Good,Poor
S030299,21,99,86,NIL,Poor
S030300,86,43,81,Good,Good
S030301,40,77,37,Good,Average
S030302,72,68,38,Average,Poor
S030303,89,61,31,NIL,Poor
S030304,90,83,81,Average,Average
S030305,58,95,88,Average,Average
S030306,77,32,63,Average,Good
S030307,65,48,72,NIL,Poor
S030308,57,37,54,NIL,Poor
S030309,24,45,56,Average,Average
S030310,60,71,89,Good,Average
S030311,83,96,89,NIL,Good
S030312,97,84,71,Poor,Average
S030313,66,64,70,NIL,Poor
S030314,52,78,74,NIL,Average
S030315,94,21,25,Poor,Average
S030316,81,70,36,Good,Average
S030317,91,24,93,Good,Average
S030318,96,39,95,Good,Good
S030319,82,41,64,NIL,Poor
S030320,54,98,28,NIL,Poor
S030321,26,36,71,Good,Average
S030322,60,29,76,Good,Poor
S030323,29,61,45,Average,Good
S030324,81,74,98,Average,Average
S030325,21,60,91,Good,Poor
S030326,67,35,22,Good,Good
S030327,83,96,50,Poor,Poor
S030328,30,95,37,Average,Good
S030329,54,82,36,NIL,Poor
S030330,22,28,58,Poor,Average
S030331,90,30,62,Average,Poor
S030332,37,81,50,Average,Average
S030333,34,65,84,Poor,Poor
S030334,66,71,93,Poor,Average
S030335,69,63,90,Average,Good
S030336,29,68,71,NIL,Poor
S030337,64,78,55,Poor,Poor
S030338,56,46,47,NIL,Average
S030339,63,34,70,NIL,Good
S030340,86,61,77,Poor,Poor
S030341,45,59,70,NIL,Poor
S030342,26,72,80,NIL,Average
S030343,73,63,77,Average,Good
S030344,94,22,54,Poor,Good
S030345,99,22,20,Good,Good
S030346,61,42,76,Average,Poor
S030347,68,83,26,Good,Poor
S030348,50,87,79,NIL,Poor
S030349,92,55,50,Average,Poor
S030350,62,87,99,NIL,Good
S030351,74,85,32,Good,Good
S030352,87,76,79,NIL,Poor
S030353,100,89,70,Good,Poor
S030354,63,44,23,Good,Average
S030355,90,48,71,NIL,Poor
S030356,78,24,24,NIL,Poor
S030357,96,24,49,Good,Poor
S030358,54,34,67,NIL,Average
S030359,76,100,21,Average,Average
S030360,90,81,90,Poor,Good
S030361,62,79,38,Average,Poor
S030362,53,83,91,Average,Average
S030363,25,94,28,Poor,Poor
S030364,38,34,24,Average,Good
S030365,76,86,75,Poor,Average
S030366,47,72,62,Poor,Poor
S030367,85,74,45,Poor,Average
S030368,84,38,63,NIL,Average
S030369,25,22,86,Average,Average
S030370,32,100,66,Average,Average
S030371,41,66,21,NIL,Good
S030372,22,86,45,NIL,Good
S030373,98,97,56,NIL,Poor
S030374,69,87,77,Poor,Good
S030375,28,23,83,Good,Average
S030376,79,46,56,Good,Poor
S030377,85,48,48,Poor,Average
S030378,93,33,43,Average,Poor
S030379,82,53,72,NIL,Good
S030380,55,85,39,Good,Good
S030381,98,92,73,Average,Good
S030382,25,36,45,Good,Poor
S030383,27,100,89,Good,Good
S030384,30,59,89,NIL,Poor
S030385,81,61,74,Good,Average
S030386,44,23,21,NIL,Poor
S030387,44,78,91,Poor,Poor
S030388,91,31,93,Poor,Good
S030389,65,54,23,Poor,Poor
S030390,62,45,70,NIL,Poor
S030391,70,88,88,Poor,Good
S030392,61,87,44,Good,Poor
S030393,36,33,22,Poor,Good
S030394,59,43,82,NIL,Good
S030395,63,82,41,Average,Average
S030396,49,32,90,Poor,Poor
S030397,52,35,44,Average,Average
S030398,97,46,34,Average,Poor
S030399,80,41,21,Good,Average
S030400,80,67,86,NIL,Average
S030401,43,57,78,NIL,Average
S030402,56,94,86,Poor,Average
S030403,47,82,62,NIL,Good
S030404,93,23,100,Good,Good
S030405,62,74,23,NIL,Good
S030406,95,93,93,Good,Average
S030407,76,82,26,Average,Poor
S030408,100,25,93,Average,Average
S030409,77,79,75,Average,Average
S030410,69,20,85,Good,Poor
S030411,88,60,65,Poor,Average
S030412,40,80,62,Average,Poor
S030413,99,42,34,Good,Poor
S030414,73,86,91,Good,Good
S030415,89,33,48,Poor,Poor
S030416,77,53,100,Poor,Poor
S030417,98,61,78,Poor,Average
S030418,98,51,96,Poor,Average
S030419,21,49,73,Average,Poor
S030420,59,26,78,Good,Average
S030421,35,59,33,NIL,Good
S030422,100,55,57,Average,Good
S030423,53,88,43,Good,Good
S030424,33,85,36,Poor,Average
S030425,46,33,58,Poor,Average
S030426,71,95,96,NIL,Average
S030427,66,54,54,Poor,Poor
S030428,39,82,47,NIL,Poor
S030429,83,54,65,Good,Poor
S030430,59,73,49,Poor,Good
S030431,85,36,98,NIL,Average
S030432,97,98,51,Good,Poor
S030433,67,92,84,Average,Good
S030434,32,43,68,Good,Poor
S030435,39,48,71,Poor,Average
S030436,95,30,31,NIL,Good
S030437,79,72,63,Good,Poor
S030438,100,52,44,Average,Good
S030439,99,56,98,NIL,Poor
S030440,99,64,62,Average,Average
S030441,28,81,89,NIL,Poor
S030442,22,93,64,Poor,Poor
S030443,42,44,80,Good,Good
S030444,95,45,56,Poor,Poor
S030445,61,36,51,Poor,Poor
S030446,91,52,61,NIL,Average
S030447,97,90,48,NIL,Poor
S030448,71,96,98,Average,Poor
S030449,62,32,89,Average,Good
S030450,70,35,80,Poor,Poor
S030451,63,73,21,NIL,Poor
S030452,45,51,63,NIL,Poor
S030453,48,23,80,NIL,Average
S030454,50,35,42,NIL,Good
S030455,36,37,93,NIL,Good
S030456,94,82,51,NIL,Average
S030457,57,52,55,Average,Poor
S030458,64,77,28,NIL,Good
S030459,36,47,65,Good,Good
S030460,94,59,43,Good,Good
S030461,91,38,63,Good,Average
S030462,51,26,64,Poor,Poor
S030463,84,50,62,Poor,Poor
S030464,93,96,41,Poor,Poor
S030465,66,54,35,Average,Poor
S030466,83,81,88,Average,Average
S030467,20,47,33,Good,Good
S030468,100,65,57,Poor,Good
S030469,59,76,29,Good,Good
S030470,56,81,26,Average,Poor
S030471,39,41,81,Average,Poor
S030472,77,35,27,Poor,Poor
S030473,43,92,47,Poor,Average
S030474,96,82,33,Poor,Good
S030475,86,78,57,Good,Poor
S030476,89,63,78,NIL,Poor
S030477,75,69,28,NIL,Poor
S030478,49,74,80,Good,Good
S030479,35,63,49,Poor,Good
S030480,47,84,27,Average,Average
S030481,39,52,72,Poor,Poor
S030482,60,26,50,NIL,Average
S030483,27,38,91,Poor,Average
S030484,68,88,34,Poor,Poor
S030485,82,38,79,NIL,Average
S030486,54,81,81,Average,Average
S030487,51,97,34,Good,Poor
S030488,41,45,42,Average,Average
S030489,43,57,68,Average,Average
S030490,57,80,76,Average,Poor
S030491,98,84,93,NIL,Good
S030492,64,99,68,Good,Poor
S030493,33,62,47,NIL,Good
S030494,60,57,68,Average,Poor
S030495,58,69,90,Poor,Average
S030496,22,49,59,Good,Average
S030497,92,46,65,Average,Good
S030498,47,57,58,Good,Good
S030499,60,99,92,NIL,Average
S030500,26,67,59,Good,Good
S030501,77,33,67,Poor,Poor
S030502,54,40,92,Average,Poor
S030503,95,49,27,Good,Poor
S030504,35,52,85,Average,Average
S030505,83,64,50,NIL,Good
S030506,69,55,78,Average,Poor
S030507,100,91,70,NIL,Average
S030508,77,38,75,Poor,Good
S030509,44,69,51,NIL,Average
S030510,38,44,20,Good,Poor
S030511,71,91,36,Average,Good
S030512,20,43,25,Average,Poor
S030513,27,60,33,Good,Poor
S030514,55,42,59,NIL,Poor
S030515,31,97,42,NIL,Poor
S030516,88,89,67,Good,Average
S030517,42,45,78,Poor,Poor
S030518,96,86,91,NIL,Poor
S030519,28,32,58,Poor,Good
S030520,57,89,45,Average,Poor
S030521,75,23,76,Poor,Poor
S030522,39,93,24,Average,Good
S030523,63,74,91,Good,Average
S030524,58,73,85,Average,Poor
S030525,32,100,58,NIL,Poor
S030526,52,42,88,Average,Average
S030527,88,85,57,Poor,Good
S030528,31,61,51,NIL,Average
S030529,53,25,67,Average,Good
S030530,31,32,74,NIL,Good
S030531,98,55,69,NIL,Good
S030532,37,85,91,Average,Average
S030533,35,79,100,Poor,Average
S030534,25,96,92,Average,Good
S030535,72,36,84,Poor,Good
S030536,33,32,64,Poor,Average
S030537,64,58,25,Good,Poor
S030538,47,82,38,Poor,Good
S030539,71,75,88,NIL,Poor
S030540,24,88,93,NIL,Good
S030541,87,85,34,Poor,Good
S030542,49,30,59,Average,Average
S030543,47,69,38,NIL,Poor
S030544,36,36,88,Good,Good
S030545,82,69,45,Good,Good
S030546,86,65,97,Good,Good
S030547,84,81,49,NIL,Poor
S030548,38,32,60,Average,Poor
S030549,86,66,20,NIL,Average
S030550,25,47,42,Poor,Average
S030551,63,26,51,Good,Average
S030552,69,39,56,Average,Good
S030553,74,86,63,Poor,Good
S030554,74,66,89,NIL,Good
S030555,73,74,26,Average,Good
S030556,61,36,91,Good,Average
S030557,40,93,43,Average,Good
S030558,21,81,60,Average,Good
S030559,20,35,81,Poor,Poor
S030560,51,98,46,Poor,Poor
S030561,56,34,63,Average,Good
S030562,32,51,20,Poor,Poor
S030563,46,24,49,NIL,Poor
S030564,44,51,44,Good,Poor
S030565,56,56,86,Poor,Poor
S030566,35,48,98,NIL,Average
S030567,20,41,79,Poor,Average
S030568,94,74,53,Poor,Average
S030569,62,56,43,Poor,Good
S030570,61,39,36,Good,Poor
S030571,99,73,91,Average,Average
S030572,39,89,51,Good,Poor
S030573,69,95,76,Poor,Average
S030574,66,42,23,NIL,Average
S030575,94,99,93,NIL,Good
S030576,51,60,76,NIL,Poor
S030577,65,50,22,Poor,Good
S030578,60,79,34,NIL,Good
S030579,37,86,61,NIL,Poor
S030580,28,53,88,Poor,Good
S030581,39,45,47,Good,Good
S030582,68,71,30,NIL,Good
S030583,96,77,74,Average,Good
S030584,35,33,86,Average,Good
S030585,65,79,74,NIL,Average
S030586,98,96,68,Poor,Poor
S030587,92,87,43,Average,Poor
S030588,80,26,88,Average,Good
S030589,40,65,27,Poor,Good
S030590,94,33,99,Good,Average
S030591,74,54,82,Poor,Good
S030592,53,66,71,NIL,Average
S030593,32,62,50,Good,Average
S030594,98,92,38,NIL,Poor
S030595,58,73,79,NIL,Average
S030596,99,97,98,Good,Poor
S030597,43,82,25,Good,Average
S030598,25,27,71,Average,Poor
S030599,34,26,93,NIL,Good
S030600,87,54,55,Average,Good
S030601,57,81,45,Poor,Average
S030602,55,35,26,Good,Good
S030603,80,98,20,Average,Poor
S030604,41,93,29,Average,Average
S030605,24,99,97,Poor,Average
S030606,23,21,33,NIL,Good
S030607,30,76,65,Good,Average
S030608,31,89,84,NIL,Poor
S030609,68,25,29,Average,Poor
S030610,33,54,22,Poor,Average
S030611,88,83,23,Good,Average
S030612,85,96,45,Poor,Average
S030613,57,31,62,NIL,Average
S030614,43,89,91,Poor,Average
S030615,33,64,31,Average,Average
S030616,80,99,48,Good,Good
S030617,39,48,21,NIL,Poor
S030618,66,28,89,NIL,Average
S030619,60,93,32,Poor,Poor
S030620,20,48,89,Good,Good
S030621,26,21,89,Good,Poor
S030622,84,84,74,Average,Poor
S030623,56,67,76,Average,Average
S030624,40,84,98,Poor,Average
S030625,25,40,72,Good,Average
S030626,70,95,39,Good,Poor
S030627,100,77,98,Good,Good
S030628,60,62,93,NIL,Good
S030629,66,69,93,Average,Average
S030630,64,97,59,Good,Good
S030631,71,97,86,Good,Average
S030632,67,76,74,Average,Average
S030633,20,32,66,Poor,Good
S030634,38,70,77,Average,Average
S030635,73,47,41,Poor,Poor
S030636,57,64,69,Poor,Good
S030637,34,36,30,NIL,Average
S030638,49,20,48,Poor,Average
S030639,59,53,61,NIL,Poor
S030640,53,24,67,Average,Poor
S030641,59,70,36,NIL,Good
S030642,43,99,30,Good,Poor
S030643,39,68,29,Poor,Good
S030644,35,93,22,Average,Average
S030645,41,40,47,Poor,Poor
S030646,23,21,42,Good,Poor
S030647,93,36,75,NIL,Good
S030648,40,26,58,NIL,Poor
S030649,59,28,70,Poor,Poor
S030650,20,26,95,Poor,Average
S030651,20,48,34,Poor,Average
S030652,65,32,99,Poor,Good
S030653,95,100,71,Average,Good
S030654,80,88,96,NIL,Good
S030655,29,55,72,Poor,Average
S030656,74,26,68,Poor,Poor
S030657,23,78,97,Good,Good
S030658,91,32,66,Poor,Average
S030659,44,93,76,Poor,Good
S030660,31,34,79,Poor,Good
S030661,100,86,72,NIL,Good
S030662,74,76,43,NIL,Average
S030663,88,26,85,Poor,Good
S030664,93,58,51,Average,Poor
S030665,59,31,35,Good,Good
S030666,27,43,22,Average,Poor
S030667,20,94,36,Average,Average
S030668,78,26,91,NIL,Average
S030669,22,37,97,NIL,Average
S030670,55,86,97,Good,Good
S030671,86,47,54,Poor,Good
S030672,33,62,99,Poor,Good
S030673,34,81,24,Poor,Good
S030674,85,33,80,NIL,Good
S030675,100,71,35,Good,Good
S030676,32,78,49,NIL,Good
S030677,83,79,41,Good,Average
S030678,91,50,46,NIL,Average
S030679,92,29,87,Poor,Poor
S030680,68,64,61,Average,Poor
S030681,58,33,86,NIL,Good
S030682,91,35,68,Poor,Good
S030683,88,71,37,Poor,Good
S030684,58,58,65,Good,Good
S030685,97,55,72,Poor,Average
S030686,51,48,91,Good,Poor
S030687,97,61,97,NIL,Average
S030688,65,65,46,Poor,Good
S030689,49,61,21,Poor,Good
S030690,20,36,41,Good,Average
S030691,24,40,92,Good,Average
S030692,55,70,40,Good,Good
S030693,79,64,28,NIL,Average
S030694,69,34,51,NIL,Good
S030695,39,73,29,Average,Poor
S030696,87,53,26,Average,Poor
S030697,48,31,72,Average,Average
S030698,49,21,54,Average,Good
S030699,23,60,97,Poor,Average
S030700,65,50,32,Poor,Average
S030701,25,47,82,NIL,Good
S030702,32,47,94,Average,Average
S030703,40,92,27,NIL,Average
S030704,61,54,32,Good,Poor
S030705,61,82,25,NIL,Average
S030706,73,88,45,Poor,Poor
S030707,86,98,66,NIL,Poor
S030708,48,86,93,Poor,Average
S030709,29,92,67,Poor,Average
S030710,24,37,85,Good,Average
S030711,49,57,89,NIL,Poor
S030712,32,48,89,Average,Poor
S030713,32,79,74,NIL,Poor
S030714,69,37,87,Good,Poor
S030715,24,88,78,Good,Good
S030716,63,62,73,Poor,Good
S030717,77,83,47,NIL,Good
S030718,50,92,41,Poor,Good
S030719,22,82,21,NIL,Poor
S030720,54,23,67,Poor,Average
S030721,40,75,44,Average,Poor
S030722,81,36,20,Poor,Good
S030723,70,21,48,Poor,Good
S030724,33,42,47,NIL,Poor
S030725,79,99,95,NIL,Good
S030726,79,91,75,Average,Average
S030727,43,55,41,Poor,Average
S030728,91,41,92,Poor,Good
S030729,84,71,52,Good,Average
S030730,76,77,89,Average,Good
S030731,56,73,23,Poor,Poor
S030732,78,86,83,NIL,Poor
S030733,55,86,99,NIL,Average
S030734,25,29,21,Poor,Good
S030735,80,55,70,Good,Average
S030736,75,87,37,Poor,Poor
S030737,93,92,85,Poor,Poor
S030738,38,45,60,Good,Average
S030739,26,89,43,Good,Good
S030740,51,50,91,NIL,Poor
S030741,23,27,40,Poor,Good
S030742,95,60,74,Poor,Poor
S030743,80,53,42,Average,Average
S030744,37,24,51,NIL,Poor
S030745,29,93,38,Poor,Average
S030746,60,27,61,Good,Average
S030747,97,65,65,NIL,Good
S030748,52,28,72,Good,Good
S030749,22,44,26,Poor,Good
S030750,57,34,47,Good,Good
S030751,29,97,99,NIL,Good
S030752,68,46,81,NIL,Good
S030753,73,85,49,Poor,Poor
S030754,30,52,36,NIL,Good
S030755,95,29,64,Good,Good
S030756,46,43,42,Average,Average
S030757,56,97,55,Poor,Average
S030758,22,31,63,Poor,Good
S030759,43,95,37,NIL,Average
S030760,40,36,74,Poor,Poor
S030761,82,40,56,Good,Good
S030762,36,59,70,Poor,Poor
S030763,36,51,39,Poor,Average
S030764,66,24,57,Average,Good
S030765,85,46,69,Good,Good
S030766,54,52,32,NIL,Good
S030767,23,31,66,NIL,Good
S030768,61,56,40,Good,Good
S030769,52,63,53,Average,Poor
S030770,69,50,74,Average,Good
S030771,88,30,51,Good,Good
S030772,54,42,66,Poor,Good
S030773,81,87,69,Good,Average
S030774,96,99,24,Poor,Good
S030775,74,89,86,NIL,Good
S030776,28,34,21,Average,Good
S030777,45,73,84,Poor,Poor
S030778,31,88,39,Average,Good
S030779,88,81,39,NIL,Average
S030780,89,57,42,Good,Good
S030781,97,82,91,Good,Average
S030782,96,53,70,NIL,Poor
S030783,79,49,26,Good,Average
S030784,46,93,55,Poor,Good
S030785,40,38,66,Average,Poor
S030786,98,29,36,NIL,Average
S030787,80,90,97,Poor,Good
S030788,30,62,93,NIL,Average
S030789,36,65,76,Average,Poor
S030790,65,96,60,NIL,Average
S030791,81,66,75,Average,Good
S030792,20,95,96,NIL,Average
S030793,71,67,25,Good,Poor
S030794,78,24,37,Average,Good
S030795,85,57,35,Poor,Poor
S030796,24,79,38,Poor,Poor
S030797,99,57,68,NIL,Average
S030798,24,55,47,Poor,Good
S030799,32,24,40,Poor,Poor
S030800,49,25,40,Good,Average
S030801,56,20,68,Good,Poor
S030802,82,81,56,Average,Average
S030803,97,84,59,Poor,Poor
S030804,34,30,62,Average,Good
S030805,22,95,100,NIL,Poor
S030806,56,46,85,Poor,Poor
S030807,74,96,66,Average,Average
S030808,81,29,80,Average,Poor
S030809,52,84,71,Average,Average
S030810,87,25,56,Average,Average
S030811,56,72,22,Poor,Average
S030812,44,85,79,Poor,Poor
S030813,65,51,83,Poor,Average
S030814,40,98,81,NIL,Good
S030815,76,26,77,Good,Good
S030816,92,57,27,NIL,Poor
S030817,84,51,50,NIL,Average
S030818,24,25,82,Good,Good
S030819,52,69,65,Average,Poor
S030820,38,99,52,NIL,Average
S030821,70,73,29,Good,Good
S030822,57,76,22,Good,Poor
S030823,72,85,66,Poor,Poor
S030824,43,96,26,NIL,Good
S030825,40,21,59,Average,Good
S030826,97,27,26,Good,Poor
S030827,47,20,94,Poor,Poor
S030828,79,46,93,Good,Poor
S030829,64,32,90,Poor,Good
S030830,73,21,55,NIL,Average
S030831,59,56,57,Average,Average
S030832,64,29,28,Average,Poor
S030833,98,46,21,Poor,Average
S030834,64,87,96,Good,Good
S030835,50,97,53,NIL,Poor
S030836,69,82,81,Good,Good
S030837,44,63,58,Poor,Average
S030838,46,90,44,Good,Average
S030839,20,62,38,NIL,Average
S030840,66,35,24,Poor,Good
S030841,66,82,20,Good,Good
S030842,38,49,27,Average,Poor
S030843,61,33,96,Good,Good
S030844,98,100,74,Poor,Good
S030845,69,85,72,NIL,Poor
S030846,54,56,57,Poor,Good
S030847,100,36,98,Poor,Poor
S030848,23,50,32,Poor,Poor
S030849,88,92,82,NIL,Good
S030850,69,35,29,NIL,Good
S030851,73,33,81,NIL,Poor
S030852,32,76,85,Average,Average
S030853,35,75,37,Good,Poor
S030854,97,78,54,Good,Average
S030855,48,71,41,NIL,Average
S030856,72,82,76,Poor,Poor
S030857,94,73,50,Poor,Poor
S030858,24,80,34,Average,Average
S030859,87,96,76,NIL,Good
S030860,98,31,61,Average,Poor
S030861,86,63,51,Poor,Poor
S030862,54,61,72,Good,Good
S030863,99,55,94,Poor,Good
S030864,37,64,90,NIL,Poor
S030865,86,25,39,Average,Good
S030866,36,66,28,Good,Poor
S030867,99,92,92,Average,Good
S030868,31,95,33,Poor,Average
S030869,69,39,48,Poor,Good
S030870,90,50,49,Average,Good
S030871,22,24,60,Average,Poor
S030872,79,50,36,NIL,Poor
S030873,36,71,88,Good,Average
S030874,64,23,84,Good,Poor
S030875,87,91,40,Good,Average
S030876,53,32,95,NIL,Average
S030877,39,55,55,Poor,Average
S030878,72,45,94,Good,Average
S030879,80,24,42,Good,Average
S030880,34,61,29,Poor,Average
S030881,74,26,29,Average,Good
S030882,86,76,91,NIL,Average
S030883,61,55,39,Poor,Good
S030884,64,68,89,Poor,Good
S030885,41,60,63,Average,Poor
S030886,31,37,48,Poor,Good
S030887,50,56,96,Good,Poor
S030888,69,47,87,Good,Poor
S030889,68,58,31,NIL,Average
S030890,26,58,37,Average,Average
S030891,42,41,52,Good,Good
S030892,88,99,65,Average,Good
S030893,31,59,50,Good,Poor
S030894,90,46,75,Good,Poor
S030895,31,29,74,Average,Average
S030896,59,90,83,Good,Average
S030897,58,68,76,Good,Poor
S030898,68,86,62,Average,Good
S030899,30,29,28,Good,Good
S030900,77,88,88,Good,Poor
S030901,39,69,85,NIL,Average
S030902,30,57,39,NIL,Average
S030903,35,78,36,Good,Good
S030904,24,67,57,NIL,Average
S030905,74,78,94,NIL,Good
S030906,23,71,87,NIL,Average
S030907,30,89,82,Good,Average
S030908,48,39,50,Average,Poor
S030909,99,47,24,Poor,Poor
S030910,100,24,56,Good,Poor
S030911,82,93,81,NIL,Poor
S030912,77,70,30,NIL,Average
S030913,96,58,50,NIL,Poor
S030914,68,79,52,Good,Average
S030915,21,56,59,Poor,Poor
S030916,59,49,23,NIL,Average
S030917,85,92,97,NIL,Poor
S030918,68,49,93,Average,Good
S030919,70,54,98,NIL,Average
S030920,60,92,22,NIL,Average
S030921,82,47,45,NIL,Average
S030922,80,37,77,Good,Good
S030923,29,59,47,Poor,Good
S030924,57,59,93,Average,Good
S030925,23,86,75,Good,Average
S030926,72,91,63,Poor,Poor
S030927,56,82,90,NIL,Good
S030928,61,21,96,Poor,Good
S030929,36,41,44,NIL,Poor
S030930,61,66,23,Average,Average
S030931,21,23,20,NIL,Average
S030932,52,22,26,Good,Poor
S030933,50,36,84,Average,Poor
S030934,94,34,43,NIL,Poor
S030935,79,92,71,Poor,Poor
S030936,53,92,29,NIL,Good
S030937,91,59,69,Poor,Good
S030938,61,42,21,Average,Good
S030939,65,79,70,Good,Good
S030940,56,79,71,Average,Good
S030941,79,24,48,Good,Good
S030942,88,41,79,Average,Good
S030943,69,23,67,Poor,Poor
S030944,20,28,62,Average,Good
S030945,71,61,41,NIL,Average
S030946,88,81,33,NIL,Poor
S030947,39,47,20,NIL,Good
S030948,27,79,28,NIL,Average
S030949,92,79,81,Poor,Poor
S030950,69,61,96,Average,Good
S030951,45,90,41,Good,Average
S030952,69,66,82,NIL,Average
S030953,96,22,33,Good,Good
S030954,98,83,20,Average,Poor
S030955,98,61,26,Poor,Good
S030956,29,87,97,NIL,Poor
S030957,37,81,100,NIL,Average
S030958,36,21,49,NIL,Good
S030959,74,59,30,Average,Average
S030960,57,78,76,Average,Poor
S030961,54,62,100,Average,Average
S030962,90,55,87,Average,Average
S030963,62,34,34,Poor,Good
S030964,39,42,32,Average,Good
S030965,86,58,39,Good,Poor
S030966,25,39,23,NIL,Poor
S030967,75,45,56,Average,Good
S030968,32,36,69,Poor,Average
S030969,82,34,60,Poor,Good
S030970,53,90,76,Poor,Average
S030971,46,91,89,Average,Good
S030972,72,45,70,NIL,Average
S030973,68,72,35,Average,Poor
S030974,45,67,44,Poor,Poor
S030975,53,80,24,NIL,Average
S030976,28,68,86,Poor,Good
S030977,91,92,70,Poor,Poor
S030978,52,81,81,NIL,Poor
S030979,87,29,56,NIL,Average
S030980,63,46,55,NIL,Average
S030981,25,87,47,Good,Good
S030982,86,49,27,NIL,Average
S030983,41,100,97,Poor,Good
S030984,43,63,58,NIL,Average
S030985,33,60,78,Poor,Poor
S030986,66,54,56,Good,Poor
S030987,57,37,29,NIL,Average
S030988,33,20,41,NIL,Average
S030989,42,63,25,Average,Poor
S030990,36,72,82,NIL,Good
S030991,26,32,65,Good,Average
S030992,40,62,66,Good,Good
S030993,25,48,21,Average,Average
S030994,76,72,42,Average,Average
S030995,83,46,26,Good,Good
S030996,48,52,89,Average,Poor
S030997,84,54,24,Average,Poor
S030998,32,84,33,NIL,Good
S030999,75,36,41,Good,Good
S031000,72,60,88,Good,Poor
